,MAE,RMSE,R2,used
linear,3.264776867542962,4.245037803768917,-0.24291014442584843,
beta,3.8675313967415086,4.978110763504027,-0.5733143297963397,logit-TransformedTargetRegressor
