MAE,RMSE,R2
3.264776867542962,4.245037803768917,-0.24291014442584852
